TimeStamp,Region,Site,Bandwidth,Availabulity,Packet Loss
2024-12-01 00:00:00,North,Site-5,43.876749123542396,99.96459172413316,27.939158608470688
2024-12-01 00:15:00,West,Site-17,98.61735698828815,99.9570778304669,0.0029247283034559146
2024-12-01 00:30:00,South,Site-6,106.47688538100692,99.93560967258979,0.08258167505647628
2024-12-01 00:45:00,South,Site-11,115.23029856408026,99.99865152487929,0.012886986747344521
2024-12-01 01:00:00,South,Site-18,97.65846625276664,99.96057748193569,0.03351188542591419
2024-12-01 01:15:00,South,Site-4,97.6586304305082,99.92372267917361,0.07435082562916077
2024-12-01 01:30:00,East,Site-3,115.79212815507391,99.91017824726204,0.01607598960483082
2024-12-01 01:45:00,West,Site-13,107.67434729152909,99.91528591391844,0.08179670241190623
2024-12-01 02:00:00,North,Site-9,95.30525614065049,99.92459577283846,0.0832134177957742
2024-12-01 02:15:00,West,Site-6,105.42560043585965,99.91606813732596,0.050746773376083625
2024-12-01 02:30:00,East,Site-12,95.36582307187538,99.91865670240513,0.000638587171683358
2024-12-01 02:45:00,South,Site-2,95.34270246429743,99.92850951686938,0.028703813317491278
2024-12-01 03:00:00,East,Site-3,102.41962271566034,99.91733735952948,0.061692691837574226
2024-12-01 03:15:00,West,Site-3,80.86719755342202,99.98967654246265,0.09811861780274235
2024-12-01 03:30:00,North,Site-12,82.75082167486967,99.90802337456617,0.06318135270166685
2024-12-01 03:45:00,East,Site-15,94.37712470759027,99.95245113895703,0.025980358106415982
2024-12-01 04:00:00,North,Site-9,89.87168879665576,99.94103968269897,0.06340057030996114
2024-12-01 04:15:00,East,Site-8,103.14247332595274,99.99823786169087,0.05399853797158555
2024-12-01 04:30:00,North,Site-11,90.91975924478788,99.91120389021681,0.07798453951511436
2024-12-01 04:45:00,North,Site-16,85.87696298664709,99.93978555990458,0.01069806388269584
2024-12-01 05:00:00,South,Site-4,114.65648768921554,99.99694704332754,0.0761027902502028
2024-12-01 05:15:00,North,Site-1,97.74223699513465,99.9865507125894,0.05412665786761103
2024-12-01 05:30:00,South,Site-7,100.67528204687923,99.98170720709493,0.09629920038589947
2024-12-01 05:45:00,West,Site-2,85.75251813786544,99.9257902827045,0.03418721660386861
2024-12-01 06:00:00,West,Site-5,94.55617275474818,99.91708875873901,0.06326218931339482
2024-12-01 06:15:00,South,Site-7,49.12247271894114,99.96686432199245,24.652704694016656
2024-12-01 06:30:00,South,Site-4,88.49006422577698,99.99293759891276,0.010250972799067927
2024-12-01 06:45:00,East,Site-5,103.75698018345672,99.9556762893014,0.09372284872364511
2024-12-01 07:00:00,East,Site-1,93.99361310081196,99.95716126894699,0.06878857223008134
2024-12-01 07:15:00,East,Site-1,97.08306250206724,99.92799790936603,0.00678370591051719
2024-12-01 07:30:00,West,Site-15,93.98293387770603,99.9769492933192,0.030096356694681626
2024-12-01 07:45:00,East,Site-20,118.52278184508938,99.91870437485575,0.07081720886452816
2024-12-01 08:00:00,North,Site-19,99.86502775262066,99.93236792364043,0.00673506014687717
2024-12-01 08:15:00,North,Site-10,89.422890710441,99.94254364386164,0.05821704601762733
2024-12-01 08:30:00,East,Site-18,108.22544912103189,99.95076103786845,0.034588305695295675
2024-12-01 08:45:00,North,Site-3,13.902500409571989,99.92424097324151,22.269462772783527
2024-12-01 09:00:00,West,Site-11,102.08863595004756,99.91148368247393,0.0045742033812512855
2024-12-01 09:15:00,North,Site-15,80.40329876120225,99.96106200424417,0.08715368061523764
2024-12-01 09:30:00,West,Site-11,86.71813951101569,99.92886305532403,0.0973488969177397
2024-12-01 09:45:00,South,Site-17,101.96861235869123,99.95812382214227,0.09688778552856915
2024-12-01 10:00:00,South,Site-17,31.932823349056967,99.91543627152743,25.16850035738222
2024-12-01 10:15:00,South,Site-6,101.7136828118997,99.94811401018548,0.013008624013063198
2024-12-01 10:30:00,South,Site-5,98.8435171761176,99.95325894325516,0.07582631959290226
2024-12-01 10:45:00,North,Site-8,96.98896304410711,99.90518235368225,0.0024586916458801513
2024-12-01 11:00:00,East,Site-2,85.21478009632573,99.93366042781939,0.0022123551528997255
2024-12-01 11:15:00,North,Site-16,92.80155791605291,99.9134414676939,0.03236102191495412
2024-12-01 11:30:00,West,Site-20,95.39361229040213,99.90633749704728,0.04886431904046658
2024-12-01 11:45:00,North,Site-12,110.57122226218915,99.99899602323899,0.07704074178077933
2024-12-01 12:00:00,North,Site-6,103.43618289568461,99.93223538449747,0.06832953766065052
2024-12-01 12:15:00,West,Site-1,82.36959844637266,99.98098744458547,0.04459027063767484
2024-12-01 12:30:00,South,Site-4,103.24083969394795,99.92546406547638,0.02736266662816659
2024-12-01 12:45:00,South,Site-17,96.14917719583684,99.96815027222239,0.09971245001577111
2024-12-01 13:00:00,South,Site-13,93.23077999694041,99.97602278598897,0.0426181302235973
2024-12-01 13:15:00,East,Site-18,106.11676288840867,99.95956387406079,0.04513870243296755
2024-12-01 13:30:00,West,Site-5,110.30999522495951,99.94715761885502,0.016362382119166918
2024-12-01 13:45:00,West,Site-3,109.31280119116198,99.94118409141473,0.07948095487499295
2024-12-01 14:00:00,North,Site-11,91.60782476777362,99.9348868266543,0.06936822257814887
2024-12-01 14:15:00,East,Site-13,96.90787624148786,99.99295291442478,0.02207696127887604
2024-12-01 14:30:00,South,Site-4,103.31263431403563,99.98306194077877,0.00823810456158427
2024-12-01 14:45:00,East,Site-14,109.75545127122359,99.99650269106665,0.06804993020747131
2024-12-01 15:00:00,West,Site-11,95.2082576215471,99.91242972234856,0.06545112142811353
2024-12-01 15:15:00,West,Site-10,98.14341023336183,99.97308674752037,0.027325952699820934
2024-12-01 15:30:00,North,Site-19,88.93665025993971,99.9938340456821,0.09508635622504104
2024-12-01 15:45:00,North,Site-18,88.0379337591933,99.91812330661656,0.015105789178090023
2024-12-01 16:00:00,West,Site-6,108.12525822394198,99.90664962673668,0.043233480104260195
2024-12-01 16:15:00,South,Site-15,113.56240028570824,99.974112064929,0.0943615920167599
2024-12-01 16:30:00,South,Site-10,99.27989878419666,99.95744731131799,0.04197273169261223
2024-12-01 16:45:00,East,Site-5,110.03532897892023,99.98418287767583,0.06385259476640856
2024-12-01 17:00:00,West,Site-5,103.61636025047635,99.91397723766264,0.03975943979627943
2024-12-01 17:15:00,West,Site-10,93.54880245394875,99.97952673118598,0.027421520234867006
2024-12-01 17:30:00,South,Site-5,103.61395605508415,99.92016273200478,0.09839776479598283
2024-12-01 17:45:00,South,Site-3,115.38036566465969,99.91636559428657,0.0409334006315043
2024-12-01 18:00:00,West,Site-6,99.64173960890048,99.91642657979311,0.08940992036791345
2024-12-01 18:15:00,North,Site-4,115.64643655814007,99.98145747202314,0.02299546058910862
2024-12-01 18:30:00,West,Site-18,73.80254895910255,99.96651972206962,0.02131047040250833
2024-12-01 18:45:00,West,Site-9,108.21902504375224,99.95230654247692,0.003113408288451136
2024-12-01 19:00:00,South,Site-17,100.87047068238171,99.93588304841235,0.0651666825375885
2024-12-01 19:15:00,South,Site-13,97.00992649534132,99.98772005408131,0.03685263437237612
2024-12-01 19:30:00,North,Site-15,100.91760776535503,99.93924451074227,0.08643582498396371
2024-12-01 19:45:00,North,Site-20,80.12431085399108,99.98165994394716,0.04732099066915572
2024-12-01 20:00:00,East,Site-17,45.285424571282405,99.94391349085703,10.358913571369836
2024-12-01 20:15:00,West,Site-13,103.57112571511746,99.9376944429425,0.018552551570312114
2024-12-01 20:30:00,South,Site-16,114.77894044741517,99.94626797856696,0.08686231679556108
2024-12-01 20:45:00,North,Site-4,13.553609803502574,99.93013778741641,11.868159439505913
2024-12-01 21:00:00,East,Site-5,29.77924525180372,99.97476093801762,28.932759083992142
2024-12-01 21:15:00,East,Site-5,94.98242956415463,99.95027203900925,0.08447832281168877
2024-12-01 21:30:00,South,Site-9,109.15402117702074,99.92322126951468,0.07610239909429989
2024-12-01 21:45:00,South,Site-17,103.28751109659684,99.98995745732746,0.06262203216314154
2024-12-01 22:00:00,East,Site-13,94.70239796232961,99.93838912213732,0.013124487768238758
2024-12-01 22:15:00,North,Site-2,105.13267433113356,99.95435528611141,0.003252617949125192
2024-12-01 22:30:00,East,Site-13,39.00622910204459,99.99064721109646,21.1596147756528
2024-12-01 22:45:00,West,Site-19,109.68644990532889,99.9624237995914,0.061665031452073804
2024-12-01 23:00:00,West,Site-3,92.97946906122648,99.91168980407085,0.07965372909761764
2024-12-01 23:15:00,South,Site-10,96.72337853402232,99.99398321236134,0.04815223515125501
2024-12-01 23:30:00,North,Site-2,96.07891846867842,99.96277080530714,0.011730818896239448
2024-12-01 23:45:00,North,Site-13,85.36485051867882,99.93349056146572,0.012518579220255045
2024-12-02 00:00:00,West,Site-19,102.96120277064576,99.91392720726634,0.06855652872289714
2024-12-02 00:15:00,East,Site-17,102.6105527217989,99.97940251892703,0.04303058948994627
2024-12-02 00:30:00,South,Site-14,100.05113456642461,99.96200727559285,0.020052472670033673
2024-12-02 00:45:00,East,Site-12,97.65412866624852,99.95334610919764,0.04915945467414369
2024-12-02 01:00:00,East,Site-12,85.84629257949585,99.9893892583051,0.006420893707513409
2024-12-02 01:15:00,East,Site-11,22.34794973492781,99.97885972112246,16.873263852182063
2024-12-02 01:30:00,North,Site-7,96.57285483473231,99.91516748797328,0.026899340443509768
2024-12-02 01:45:00,West,Site-4,91.9772273077838,99.93117220677956,0.07975591006371882
2024-12-02 02:00:00,North,Site-19,98.3871428833399,99.92484891398145,0.031036195892357378
2024-12-02 02:15:00,West,Site-1,104.04050856814538,99.97439462925728,0.04552201490818012
2024-12-02 02:30:00,South,Site-3,118.8618590121053,99.90335324347359,0.0011620539908100637
2024-12-02 02:45:00,South,Site-13,101.74577812831839,99.95698896848714,0.007244688779455888
2024-12-02 03:00:00,East,Site-15,102.57550390722764,99.97624586857407,0.03924935564066848
2024-12-02 03:15:00,West,Site-2,99.25554084233833,99.98767656367617,0.04799388347171235
2024-12-02 03:30:00,West,Site-11,80.81228784700959,99.9342081748716,0.060002054811930376
2024-12-02 03:45:00,West,Site-4,99.73486124550783,99.9821257304672,0.029166257870930325
2024-12-02 04:00:00,East,Site-19,100.60230209941027,99.91106317369552,0.06949818861265426
2024-12-02 04:15:00,East,Site-17,124.63242112485287,99.98464522917345,0.08601223971892047
2024-12-02 04:30:00,South,Site-3,98.07639035218878,99.9127488662332,0.07798509888933498
2024-12-02 04:45:00,North,Site-18,103.01547342333612,99.93972872905604,0.003961882534835715
2024-12-02 05:00:00,West,Site-8,99.65288230294756,99.97972953657796,0.0480506947257829
2024-12-02 05:15:00,West,Site-19,88.31321962380468,99.91499174273488,0.010493017841817488
2024-12-02 05:30:00,North,Site-5,111.4282281451502,99.92292513952327,0.024204501586252748
2024-12-02 05:45:00,West,Site-7,107.51933032686775,99.97222525683931,0.09866625932671465
2024-12-02 06:00:00,East,Site-8,107.91031947043047,99.97200365365461,0.014249554290151324
2024-12-02 06:15:00,East,Site-5,90.9061254520526,99.96411476328853,0.04988881534513561
2024-12-02 06:30:00,West,Site-17,114.02794310936099,99.96939484444671,0.06181557343181191
2024-12-02 06:45:00,East,Site-5,85.98148937207719,99.95427244433476,0.0702464970544104
2024-12-02 07:00:00,East,Site-4,105.8685709380027,99.9251799058907,0.05596486834869141
2024-12-02 07:15:00,West,Site-19,121.90455625809979,99.9345695993504,0.000977084741918366
2024-12-02 07:30:00,South,Site-2,90.09463674869312,99.91815977168015,0.03264613082439919
2024-12-02 07:45:00,North,Site-11,94.33702270397228,99.99084505613337,0.05177116433847115
2024-12-02 08:00:00,East,Site-13,100.99651365087641,99.95833917947661,0.008786649914483335
2024-12-02 08:15:00,South,Site-15,94.965243458838,99.94008514167636,0.03506269312091808
2024-12-02 08:30:00,East,Site-12,84.49336568933867,99.94620058036442,0.0033203108791366566
2024-12-02 08:45:00,East,Site-11,100.68562974806028,99.99472833396118,0.007857849715502074
2024-12-02 09:00:00,North,Site-7,89.37696286273895,99.91533514031161,0.03969232762015961
2024-12-02 09:15:00,East,Site-5,104.73592430635182,99.95862298320168,0.013271575404306036
2024-12-02 09:30:00,North,Site-17,90.80575765766197,99.95058886788846,0.05675408482615582
2024-12-02 09:45:00,North,Site-20,115.4993440501754,99.96114542354347,0.06894649691372658
2024-12-02 10:00:00,North,Site-9,92.16746707663764,99.90181101838209,0.08005866991090829
2024-12-02 10:15:00,South,Site-14,96.77938483794324,99.98721239089441,0.020015024424481012
2024-12-02 10:30:00,West,Site-12,108.1351721736967,99.99321182824836,0.016748258225906976
2024-12-02 10:45:00,South,Site-6,87.69135683566044,99.95651331835893,0.010456784033440025
2024-12-02 11:00:00,West,Site-17,102.2745993460413,99.96966508238769,0.06364302495436368
2024-12-02 11:15:00,West,Site-19,113.07142754282428,99.99224993811772,0.07064757264869012
2024-12-02 11:30:00,North,Site-19,83.92516765438772,99.97072386343135,0.003158614482564204
2024-12-02 11:45:00,East,Site-16,101.84633858532304,99.91525390429143,0.09362122462436899
2024-12-02 12:00:00,North,Site-12,102.59882794248423,99.95762883601668,0.005197128365147241
2024-12-02 12:15:00,East,Site-12,107.81822871777311,99.96067150463828,0.05412963353010705
2024-12-02 12:30:00,West,Site-20,37.350164223081705,99.94241306713025,18.821443165015673
2024-12-02 12:45:00,North,Site-6,86.79543386915724,99.97364442356248,0.08709691237460856
2024-12-02 13:00:00,East,Site-4,105.21941565616898,99.9934367014769,0.07140869321324278
2024-12-02 13:15:00,South,Site-6,102.96984673233186,99.99255685129067,0.08017280830697919
2024-12-02 13:30:00,East,Site-11,102.50492850345877,99.94508393714041,0.03394501925428061
2024-12-02 13:45:00,North,Site-1,103.46448209496975,99.91132380458409,0.08148251137465123
2024-12-02 14:00:00,South,Site-15,93.1997527842151,99.99848411989623,0.008011484638467514
2024-12-02 14:15:00,East,Site-11,102.32253697161003,99.98388980864459,0.08948166560605277
2024-12-02 14:30:00,East,Site-19,102.93072473298682,99.91246626812033,0.05475923761537363
2024-12-02 14:45:00,East,Site-18,92.85648581973632,99.99208418826174,0.08172977699624938
2024-12-02 15:00:00,East,Site-17,118.65774511144757,99.98698963620622,0.04523182845183002
2024-12-02 15:15:00,East,Site-19,104.73832920911788,99.95188380571261,0.0643577695196525
2024-12-02 15:30:00,South,Site-14,88.08696502797352,99.9591275435745,0.052640266093611325
2024-12-02 15:45:00,West,Site-18,106.5655360863383,99.93990027038701,0.07315895217553318
2024-12-02 16:00:00,South,Site-19,90.25318329772679,99.90547616388221,0.008162998203058958
2024-12-02 16:15:00,South,Site-15,21.623502392254203,99.9335197241646,20.141022077308822
2024-12-02 16:30:00,South,Site-15,111.58595579007404,99.98028534485981,0.024710323401014644
2024-12-02 16:45:00,West,Site-4,91.7931768164829,99.90046320230047,0.015954468011318834
2024-12-02 17:00:00,North,Site-7,109.63376129244321,99.93334991716912,0.08717835665922018
2024-12-02 17:15:00,West,Site-13,104.12780926936499,99.93981686935909,0.021921398735804433
2024-12-02 17:30:00,South,Site-3,24.238934951794107,99.9537395602938,17.273862495122806
2024-12-02 17:45:00,East,Site-16,118.96792982653947,99.99198556164127,0.033689579177110685
2024-12-02 18:00:00,East,Site-9,97.5461188399713,99.9346345994366,0.01821179156886993
2024-12-02 18:15:00,South,Site-8,17.64762805859156,99.93469532018963,21.050272295654505
2024-12-02 18:30:00,East,Site-20,91.10485570374476,99.97375012481098,0.06587077755008762
2024-12-02 18:45:00,South,Site-13,91.84189715034562,99.94522179408898,0.0498195716453139
2024-12-02 19:00:00,East,Site-17,99.22898290585896,99.922460482294,0.055536355093763125
2024-12-02 19:15:00,West,Site-17,103.41151974816644,99.94524395161328,0.07192017782722639
2024-12-02 19:30:00,North,Site-17,102.7669079933002,99.91408570203798,0.022845474133129873
2024-12-02 19:45:00,North,Site-1,26.15911505306193,99.91763869865062,17.133419482835293
2024-12-02 20:00:00,West,Site-8,100.13001891877907,99.94983677727394,0.09747931621467831
2024-12-02 20:15:00,West,Site-19,114.53534077157317,99.94189254495046,0.06503256863469369
2024-12-02 20:30:00,South,Site-6,97.35343166762044,99.99148459010681,0.019954245092914515
2024-12-02 20:45:00,South,Site-3,127.20169166589619,99.93623938991166,0.06802282424312914
2024-12-02 21:00:00,South,Site-5,106.25667347765007,99.95805883502781,0.007219840897917585
2024-12-02 21:15:00,East,Site-13,19.471372372455416,99.96322642879196,27.44271400044953
2024-12-02 21:30:00,South,Site-15,89.29107501938887,99.90130944565884,0.025768288851121368
2024-12-02 21:45:00,West,Site-14,104.82472415243186,99.96635373720167,0.046262295673931635
2024-12-02 22:00:00,North,Site-16,97.7653721467415,99.91780359668698,0.08682725054083806
2024-12-02 22:15:00,East,Site-18,18.6436181274123,99.99610703174694,13.32068626832391
2024-12-02 22:30:00,South,Site-11,26.719597354819374,99.91486627277531,17.94762780970633
2024-12-02 22:45:00,East,Site-3,99.27171087343127,99.9414624123727,0.04254933344480754
2024-12-02 23:00:00,East,Site-10,91.53206281931595,99.90853496680786,0.03459349925469629
2024-12-02 23:15:00,South,Site-10,84.85152775314135,99.99968742518459,0.03710387629846027
2024-12-02 23:30:00,East,Site-16,95.53485047932979,99.95021950103313,0.09876495637360579
2024-12-02 23:45:00,North,Site-12,108.56398794323472,99.95953850173201,0.004010919141248248
2024-12-03 00:00:00,West,Site-2,27.14522187881903,99.90670764773884,20.40381046503109
2024-12-03 00:15:00,West,Site-9,15.63838510087077,99.97499604703992,18.952058806404338
2024-12-03 00:30:00,North,Site-3,101.73180925851182,99.92099055930956,0.04386154191895905
2024-12-03 00:45:00,East,Site-15,103.85317379728836,99.98980542894407,0.07252576604151366
2024-12-03 01:00:00,South,Site-3,91.16142563798867,99.92051396404821,0.04866689414247029
2024-12-03 01:15:00,East,Site-19,14.477437080861213,99.91906877206637,10.667672035727625
2024-12-03 01:30:00,North,Site-18,25.737913862543664,99.90365496678481,12.52507565585227
2024-12-03 01:45:00,East,Site-8,88.57029702169376,99.94720669451101,0.04217209268734554
2024-12-03 02:00:00,West,Site-17,103.57787360348283,99.95648411332627,0.02768277972350516
2024-12-03 02:15:00,East,Site-8,31.95354626880235,99.90657086394285,16.24698203771027
2024-12-03 02:30:00,North,Site-7,110.83051243175277,99.9775527616695,0.0912363345616691
2024-12-03 02:45:00,West,Site-7,44.47947633617089,99.9453288834748,17.262014732680207
2024-12-03 03:00:00,East,Site-3,86.22330632042909,99.95243902693277,0.06229665835634828
2024-12-03 03:15:00,East,Site-1,90.62174960084877,99.94407627469383,0.06315602200925206
2024-12-03 03:30:00,West,Site-4,105.1503526720866,99.94007630608753,0.0733113022415281
2024-12-03 03:45:00,South,Site-5,105.1378595091221,99.95596403313083,0.01315676851272598
2024-12-03 04:00:00,West,Site-1,41.478805396706655,99.91552402459308,21.96225258738036
2024-12-03 04:15:00,South,Site-15,138.52731490654722,99.91819281304953,0.0909032520665641
2024-12-03 04:30:00,North,Site-5,105.70890510693167,99.98617856210136,0.0179683108870242
2024-12-03 04:45:00,North,Site-13,111.35565640180599,99.99461154621336,0.023754332492387766
2024-12-03 05:00:00,West,Site-8,109.54001763493203,99.93733093162798,0.09713950940416397
2024-12-03 05:15:00,West,Site-8,106.51391251305797,99.92707446731436,0.01809769527094898
2024-12-03 05:30:00,North,Site-5,96.84730755359655,99.96439995432391,0.08543850933695792
2024-12-03 05:45:00,South,Site-9,107.58969220493267,99.94087341710981,0.049227785644803485
2024-12-03 06:00:00,North,Site-1,92.27174785462428,99.90253863556605,0.024723107440317707
2024-12-03 06:15:00,West,Site-4,97.63181393259991,99.91561525973663,0.08707499012725115
2024-12-03 06:30:00,North,Site-3,95.14636452170896,99.97159722288474,0.04453052550026655
2024-12-03 06:45:00,West,Site-2,100.81874139386322,99.96589239419102,0.05148173539296902
2024-12-03 07:00:00,West,Site-8,123.14658566673509,99.90270959925036,0.03592333693997657
2024-12-03 07:15:00,North,Site-9,23.530524213293937,99.9221972161933,11.883038202513958
2024-12-03 07:30:00,South,Site-2,106.86260190374513,99.92310747965881,0.016352387258502278
2024-12-03 07:45:00,East,Site-14,83.87284128810349,99.96718927435988,0.039108153665176074
2024-12-03 08:00:00,North,Site-14,34.97701785886912,99.90197105377544,15.109866893112095
2024-12-03 08:15:00,East,Site-4,110.88950596967366,99.91041085819846,0.025813343270112754
2024-12-03 08:30:00,North,Site-6,100.64280019095463,99.97999160853732,0.06567366645412923
2024-12-03 08:45:00,East,Site-11,89.22255222070694,99.91785446620544,0.032519006422469486
2024-12-03 09:00:00,South,Site-3,92.84696290740033,99.96527461078519,0.07734731256866006
2024-12-03 09:15:00,South,Site-8,106.79597748934675,99.92381827810468,0.013087366071834984
2024-12-03 09:30:00,North,Site-3,92.69633368282864,99.90994413927594,0.09698210450785448
2024-12-03 09:45:00,West,Site-14,102.16458589581976,99.92431721909995,0.04537895413836393
2024-12-03 10:00:00,East,Site-13,100.45571839903813,99.97222669318556,0.0236050463346464
2024-12-03 10:15:00,West,Site-13,93.48399652394183,99.98556964681063,0.007349674733001266
2024-12-03 10:30:00,West,Site-2,121.43944089325325,99.9830219864567,0.016975790508754075
2024-12-03 10:45:00,West,Site-13,106.33919022318011,99.93971835296185,0.051977394855601766
2024-12-03 11:00:00,South,Site-19,79.74857413342393,99.96680851365707,0.033700317643128634
2024-12-03 11:15:00,North,Site-6,101.86454314769428,99.92049842954158,0.08288833658826095
2024-12-03 11:30:00,North,Site-16,93.38213535231613,99.9293147730261,0.043088752366180594
2024-12-03 11:45:00,South,Site-2,108.52433334796224,99.98963358185212,0.02487142725876299
2024-12-03 12:00:00,South,Site-8,92.07479261567299,99.90130019235107,0.06171449866040301
2024-12-03 12:15:00,North,Site-17,98.85263558533102,99.90855085308546,0.07067772168854458
2024-12-03 12:30:00,West,Site-2,105.04987278980457,99.9207886255146,0.016704190790094987
2024-12-03 12:45:00,East,Site-10,108.65755194170121,99.90265322038739,0.016761921628831767
2024-12-03 13:00:00,East,Site-16,15.798602895192682,99.91814354350899,25.014590139986943
2024-12-03 13:15:00,East,Site-6,96.65498764159051,99.95830415609697,0.07364020150656406
2024-12-03 13:30:00,West,Site-2,95.25054688839043,99.94214245505925,0.0663804527621805
2024-12-03 13:45:00,North,Site-2,93.46670767426288,99.9892671711077,0.04746308757498139
2024-12-03 14:00:00,South,Site-13,43.11473501288691,99.98174435617385,23.192587327894845
2024-12-03 14:15:00,North,Site-15,104.04981710960955,99.93418173516979,0.08056701529500532
2024-12-03 14:30:00,West,Site-2,87.39116045664954,99.92594234334314,0.058535436439675216
2024-12-03 14:45:00,South,Site-7,109.17861947054776,99.93796924081673,0.08682712805132586
2024-12-03 15:00:00,West,Site-3,121.22156197012633,99.95902949425148,0.020584121003676827
2024-12-03 15:15:00,East,Site-8,110.32465260551147,99.9268063640823,0.011191961939772788
2024-12-03 15:30:00,East,Site-14,84.80630034045987,99.96241489078491,0.026974961151698965
2024-12-03 15:45:00,West,Site-7,95.15765927133748,99.94094116521913,0.005708685608931486
2024-12-03 16:00:00,South,Site-7,112.66911149186623,99.9552047180852,0.0531169528001032
2024-12-03 16:15:00,South,Site-1,41.66799953813407,99.94361265291353,15.528833811667921
2024-12-03 16:30:00,North,Site-17,104.43819428146229,99.9294465759542,0.003934354066850965
2024-12-03 16:45:00,East,Site-9,107.74634053429337,99.99484533069622,0.01221099140100268
2024-12-03 17:00:00,North,Site-13,90.73069528421917,99.97636057941598,0.04521990282834353
2024-12-03 17:15:00,North,Site-19,99.404746439382,99.91401131757665,0.0933875017527905
2024-12-03 17:30:00,West,Site-19,67.58732659930928,99.98684679758979,0.03161561049767505
2024-12-03 17:45:00,West,Site-17,89.7561235866571,99.94874311982495,0.050723480868839245
2024-12-03 18:00:00,North,Site-10,19.096379834455156,99.98945522268941,11.880722088685328
2024-12-03 18:15:00,East,Site-10,87.5221681803515,99.97998552559473,0.014834320096208886
2024-12-03 18:30:00,West,Site-4,116.32411303931636,99.94252135044692,0.0986630122958847
2024-12-03 18:45:00,North,Site-8,85.69858622039368,99.90224693083202,0.09651186964360456
2024-12-03 19:00:00,North,Site-20,95.59955513303017,99.9268677359385,0.0004939980934409616
2024-12-03 19:15:00,North,Site-20,101.30740577286092,99.95416342146609,0.0951811785423239
2024-12-03 19:30:00,North,Site-18,114.41273289066116,99.96334782198262,0.06391199378155003
2024-12-03 19:45:00,North,Site-14,85.6413784882056,99.92578876854333,0.08679182945200221
2024-12-03 20:00:00,North,Site-18,111.63163752154959,99.91393560740728,0.045473985563385916
2024-12-03 20:15:00,West,Site-14,100.10233061019586,99.98349302367993,0.051559602857925026
2024-12-03 20:30:00,East,Site-20,90.18491348952048,99.99844021807036,0.04888465802569202
2024-12-03 20:45:00,North,Site-15,104.6210347426327,99.95256901823028,0.06668642575461044
2024-12-03 21:00:00,South,Site-4,101.9905969557347,99.91716792858483,0.013965125475631291
2024-12-03 21:15:00,West,Site-13,93.99783122841205,99.92723073265194,0.0029973589872677956
2024-12-03 21:30:00,West,Site-8,100.69802084990019,99.90183906765475,0.030792994159119094
2024-12-03 21:45:00,North,Site-18,40.87430904726485,99.99142988065606,19.945118606293764
2024-12-03 22:00:00,West,Site-12,101.13517345251248,99.91177510828902,0.02018534521229484
2024-12-03 22:15:00,North,Site-14,106.62130674521046,99.95765164755143,0.06734324333249174
2024-12-03 22:30:00,East,Site-2,49.18203361527028,99.92740552206872,21.203645167498237
2024-12-03 22:45:00,East,Site-18,87.62184501173151,99.95541780025158,0.009390071578941839
2024-12-03 23:00:00,West,Site-2,121.33033374656267,99.96514203883518,0.06726021182251263
2024-12-03 23:15:00,West,Site-11,80.47912200477498,99.98297418037072,0.044375021930457115
2024-12-03 23:30:00,South,Site-9,98.48214904964416,99.92064212717607,0.08681422543775054
2024-12-03 23:45:00,West,Site-12,105.88317206484577,99.90109958286585,0.017714978944738592
2024-12-04 00:00:00,South,Site-17,102.80991867735032,99.91368856300689,0.06926259522261645
2024-12-04 00:15:00,East,Site-15,93.77300480179406,99.9900018641848,0.08381152896481103
2024-12-04 00:30:00,East,Site-17,97.91877749642725,99.98738900775625,0.09446142194740233
2024-12-04 00:45:00,North,Site-18,95.06999065341168,99.95974131021703,0.06832480282896458
2024-12-04 01:00:00,East,Site-6,94.10635243055789,99.96005168604337,0.04971747640084273
2024-12-04 01:15:00,South,Site-17,108.49602097021025,99.96650366745463,0.06178472402012139
2024-12-04 01:30:00,West,Site-18,103.57015485965047,99.91753712786235,0.08689049844787183
2024-12-04 01:45:00,North,Site-8,93.07090404739346,99.9914411945925,0.05706097466388297
2024-12-04 02:00:00,South,Site-9,47.88143950954892,99.9418770524892,15.648617973730234
2024-12-04 02:15:00,West,Site-6,103.07299520876609,99.93831385282495,0.09309486955069779
2024-12-04 02:30:00,North,Site-5,31.804221130427987,99.95189177052829,13.912185460890301
2024-12-04 02:45:00,East,Site-12,106.29628841923612,99.90469659667751,0.06765133857772465
2024-12-04 03:00:00,South,Site-11,91.71004989077927,99.91662833687562,0.02156751523977172
2024-12-04 03:15:00,West,Site-1,94.3981895980303,99.97380336164264,0.06588854702326573
2024-12-04 03:30:00,North,Site-11,107.47293605123262,99.90827986679251,0.03938644056541585
2024-12-04 03:45:00,North,Site-19,106.10370265433465,99.96031521094665,0.06512329770414921
2024-12-04 04:00:00,East,Site-9,99.79098406035853,99.92453491096813,0.010659303030799074
2024-12-04 04:15:00,West,Site-2,101.17327383308782,99.9389295614042,0.06578453046030361
2024-12-04 04:30:00,East,Site-12,112.77664895788425,99.92886937367707,0.09994137257706666
2024-12-04 04:45:00,East,Site-4,94.0842861116417,99.9355672716465,0.0048212038860556035
2024-12-04 05:00:00,West,Site-4,105.47097381170038,99.97190459051842,0.09771741842213173
2024-12-04 05:15:00,West,Site-18,97.97807347566106,99.92971217156231,0.040690796072287067
2024-12-04 05:30:00,West,Site-15,97.82318796772779,99.95664046402969,0.08707534503372592
2024-12-04 05:45:00,South,Site-19,110.9877685198719,99.94760504021991,0.07823854840582735
2024-12-04 06:00:00,West,Site-13,108.2541634898803,99.96636711653626,0.05670162609866678
2024-12-04 06:15:00,North,Site-19,108.13509636000639,99.99368297393248,0.07384492092513266
2024-12-04 06:30:00,East,Site-17,113.05478807154329,99.97325720972103,0.08785155613013479
2024-12-04 06:45:00,South,Site-6,100.21003841632759,99.92149403785908,0.0404140321651033
2024-12-04 07:00:00,West,Site-16,106.81952971294965,99.90311831350613,0.032703316156323874
2024-12-04 07:15:00,South,Site-12,96.89733243406543,99.92622640442998,0.06675933855635847
2024-12-04 07:30:00,West,Site-19,103.24166352488442,99.95950779307003,0.08078459419412587
2024-12-04 07:45:00,South,Site-5,98.69856945632316,99.90514258134843,0.07622851347766157
2024-12-04 08:00:00,East,Site-17,100.96995964992718,99.94963662472013,0.07978136488586346
2024-12-04 08:15:00,East,Site-1,105.95157025436913,99.9596842848917,0.0435583314812933
2024-12-04 08:30:00,North,Site-10,39.97134850783105,99.9334243890817,13.377084133553723
2024-12-04 08:45:00,North,Site-15,120.9238727568546,99.97709122037459,0.012020905537060846
2024-12-04 09:00:00,West,Site-11,89.93982618500299,99.91065982531339,0.05444890979608496
2024-12-04 09:15:00,East,Site-13,41.75958865472025,99.90751377817358,26.407550148979468
2024-12-04 09:30:00,South,Site-5,111.58110873500068,99.97281887562036,0.03245858299002703
2024-12-04 09:45:00,South,Site-1,107.91662693962935,99.94954913162063,0.03664615348713979
2024-12-04 10:00:00,South,Site-12,106.24119817052156,99.96884023964277,0.03961726916092554
2024-12-04 10:15:00,North,Site-11,106.2834550926428,99.94348273386038,0.06954672066898622
2024-12-04 10:30:00,South,Site-17,99.87753227153085,99.92464020332392,0.038855810127034575
2024-12-04 10:45:00,North,Site-4,39.29794927352359,99.98191023176742,20.896955181690313
2024-12-04 11:00:00,North,Site-15,100.75804558193727,99.9799415878969,0.023754413087432747
2024-12-04 11:15:00,West,Site-9,93.22838288487888,99.96946964708545,0.03732517916293401
2024-12-04 11:30:00,South,Site-20,109.7511973341775,99.927214513723,0.02272696272631515
2024-12-04 11:45:00,South,Site-19,98.52942618497862,99.95902306668691,0.0073195923768443645
2024-12-04 12:00:00,East,Site-19,91.74502803207488,99.93609738969401,0.060344859338137796
2024-12-04 12:15:00,West,Site-12,96.78614158347007,99.90915820733267,0.06682127985550163
2024-12-04 12:30:00,East,Site-5,104.12931454275625,99.99173135754623,0.061949034600961454
2024-12-04 12:45:00,West,Site-10,49.22067288004424,99.9136818630919,13.734465915460829
2024-12-04 13:00:00,South,Site-17,91.77779604433569,99.99502373538208,0.03797857801792298
2024-12-04 13:15:00,North,Site-5,102.43687211491913,99.9446005772958,0.08633336495718252
2024-12-04 13:30:00,North,Site-16,102.44966571108722,99.91851329288387,0.05190817851362181
2024-12-04 13:45:00,North,Site-7,94.9305682462887,99.95419009473784,0.0479181877629731
2024-12-04 14:00:00,North,Site-9,95.28961694381677,99.98729458358764,0.002564206580643569
2024-12-04 14:15:00,North,Site-3,102.32049937357637,99.97322248864096,0.03412478276261564
2024-12-04 14:30:00,East,Site-15,85.51915658502676,99.98065611478614,0.03801956187858571
2024-12-04 14:45:00,West,Site-16,85.92536225623445,99.96587833667107,0.039882278089690054
2024-12-04 15:00:00,South,Site-18,92.81555778747564,99.96922765645179,0.05801723692273323
2024-12-04 15:15:00,East,Site-14,97.86552848288153,99.98491956515653,0.053360254672687846
2024-12-04 15:30:00,West,Site-3,10.881406411900167,99.92496680088593,17.438653358337298
2024-12-04 15:45:00,North,Site-12,114.75356216949552,99.94894249636431,0.07648832615421283
2024-12-04 16:00:00,West,Site-9,108.5765962320202,99.92212094418197,0.08129857387160935
2024-12-04 16:15:00,West,Site-7,98.40061470036574,99.99876680079967,0.07181230762264944
2024-12-04 16:30:00,North,Site-9,99.80983792097311,99.99440593396866,0.09555236959549347
2024-12-04 16:45:00,North,Site-13,89.97470635362191,99.90394268113685,0.0018232582676361631
2024-12-04 17:00:00,North,Site-18,99.8148686400761,99.97055751725156,0.01957779856835461
2024-12-04 17:15:00,South,Site-5,97.11341361079862,99.99252483174156,0.0007562874978142121
2024-12-04 17:30:00,North,Site-13,103.22718560338089,99.91805753451274,0.0647474714154603
2024-12-04 17:45:00,South,Site-4,91.72769056447677,99.95679452305527,0.0898030548949987
2024-12-04 18:00:00,North,Site-2,105.19346514241172,99.9915488297588,0.02434822965762993
2024-12-04 18:15:00,South,Site-16,115.32738913002578,99.90339459785858,0.09270345447963067
2024-12-04 18:30:00,West,Site-9,98.91239851543142,99.96974202672469,0.0060267390289560855
2024-12-04 18:45:00,East,Site-9,104.01711722098942,99.92973490073726,0.09344360268055144
2024-12-04 19:00:00,West,Site-6,106.90143991711112,99.99243961953765,0.03516226872396344
2024-12-04 19:15:00,West,Site-11,95.98779528114164,99.99710582451654,0.010142082844921652
2024-12-04 19:30:00,North,Site-1,38.800321586524525,99.99442664891134,19.033936384633655
2024-12-04 19:45:00,South,Site-4,100.12592400781794,99.94742142166575,0.025677656772050795
2024-12-04 20:00:00,East,Site-13,100.97676098548831,99.98620426509893,0.028487290196192283
2024-12-04 20:15:00,North,Site-13,92.26990216144533,99.9844549398535,0.030728996492628658
2024-12-04 20:30:00,North,Site-13,100.24510174258943,99.93191004732432,0.08030258978326635
2024-12-04 20:45:00,North,Site-2,104.9799829124545,99.98289154741506,0.05391612766752545
2024-12-04 21:00:00,West,Site-9,114.51143607795042,99.90370076347155,0.031130769915600365
2024-12-04 21:15:00,South,Site-8,109.59270826085206,99.95962698784821,0.06103337833109184
2024-12-04 21:30:00,South,Site-7,121.53182457511556,99.92300088372878,0.07161506742231936
2024-12-04 21:45:00,East,Site-4,92.3265243711195,99.91205668857774,0.027262400073353378
2024-12-04 22:00:00,South,Site-18,108.72320636720679,99.90769532016293,0.04135491015253515
2024-12-04 22:15:00,South,Site-3,101.83342005738352,99.96962887758781,0.012188609333694755
2024-12-04 22:30:00,North,Site-6,36.56751658021669,99.93398749637682,21.156403838584026
2024-12-04 22:45:00,North,Site-12,91.91701714644849,99.97247667715288,0.06811178539649829
2024-12-04 23:00:00,West,Site-12,91.60278157819224,99.9065356340799,0.018143834769562696
2024-12-04 23:15:00,North,Site-8,94.00607354555977,99.93152903378306,0.05251633836670602
2024-12-04 23:30:00,North,Site-1,78.76104275690193,99.95394912923754,0.07090462617224327
2024-12-04 23:45:00,North,Site-4,94.74244978319238,99.9790723164839,0.010687692309474384
2024-12-05 00:00:00,North,Site-11,92.40867338446301,99.93187525029322,0.056731221962890356
2024-12-05 00:15:00,West,Site-3,101.50393786476208,99.9625891376437,0.025656278370136378
2024-12-05 00:30:00,North,Site-13,103.4175597577716,99.98859777482362,0.09629268752375798
2024-12-05 00:45:00,East,Site-17,118.76170839215887,99.96158631881823,0.04835456467199248
2024-12-05 01:00:00,East,Site-10,109.5042383818605,99.92329594747537,0.08059925497751581
2024-12-05 01:15:00,East,Site-12,94.23096344337597,99.90244007815566,0.05502265421562618
2024-12-05 01:30:00,East,Site-15,91.01585328651642,99.98700988739009,0.0043412532854819165
2024-12-05 01:45:00,North,Site-10,104.91919171506505,99.90212694108504,0.06331513755940224
2024-12-05 02:00:00,East,Site-14,86.79766792979358,99.98747016726843,0.0951403342206657
2024-12-05 02:15:00,North,Site-13,118.31458765854353,99.95289371340273,0.06016118201463312
2024-12-05 02:30:00,West,Site-5,111.79440120721287,99.99390676985129,0.08191888594267903
2024-12-05 02:45:00,East,Site-6,95.30824347895295,99.97987832357737,0.08842064633484079
2024-12-05 03:00:00,South,Site-2,82.86865470909123,99.99979341105333,0.022807977194893247
2024-12-05 03:15:00,East,Site-17,113.53872374165412,99.93507118154517,0.021204483990822667
2024-12-05 03:30:00,East,Site-4,98.85460154747382,99.97671882889311,0.06109809888509918
2024-12-05 03:45:00,North,Site-14,112.37816311973462,99.94019309136092,0.041102846980670474
2024-12-05 04:00:00,East,Site-10,84.05572341205632,99.94798756203039,0.08398613028667204
2024-12-05 04:15:00,South,Site-3,34.51600643447797,99.96275054632184,22.853493153448472
2024-12-05 04:30:00,North,Site-3,100.05243699718183,99.98736771141863,0.035342137930271814
2024-12-05 04:45:00,North,Site-15,100.46980593764742,99.99840834691993,0.023687055897448208
2024-12-05 05:00:00,West,Site-6,95.49934528520757,99.97682734138645,0.07805255152438619
2024-12-05 05:15:00,West,Site-17,106.22849932347499,99.94177667821674,0.02748060355481361
2024-12-05 05:30:00,East,Site-12,89.32379570617405,99.94213570022771,0.08226143185136785
2024-12-05 05:45:00,West,Site-20,98.57620514978707,99.9737582301589,0.042373825364876286
2024-12-05 06:00:00,West,Site-11,101.20295631711899,99.92387771457683,0.06675498992914705
2024-12-05 06:15:00,West,Site-4,105.14438834058748,99.91104741131315,0.009553531383466818
2024-12-05 06:30:00,North,Site-6,107.11614878088889,99.93546221576408,0.06238593246765731
2024-12-05 06:45:00,North,Site-1,88.75357908162131,99.92872389916542,0.04517676787372291
2024-12-05 07:00:00,North,Site-20,84.65885829264377,99.9296308120456,0.058660846317547415
2024-12-05 07:15:00,West,Site-16,112.7767682189851,99.923360775105,0.016801420774486344
2024-12-05 07:30:00,North,Site-15,103.32314011979592,99.90420931896364,0.07368737449441821
2024-12-05 07:45:00,West,Site-17,92.51513463443446,99.90178739347334,0.08627970775432287
2024-12-05 08:00:00,North,Site-8,115.51151975522524,99.9987722389736,0.021673980009077567
2024-12-05 08:15:00,North,Site-12,101.15674634292859,99.94277731337358,0.009571455552016174
2024-12-05 08:30:00,South,Site-10,111.79297184063826,99.93843266471598,0.00236385860463364
2024-12-05 08:45:00,East,Site-15,100.67518481410109,99.96796472826931,0.0641971500443266
2024-12-05 09:00:00,West,Site-9,120.60747924881987,99.92182538878652,0.06070940360887808
2024-12-05 09:15:00,South,Site-2,117.55340842443204,99.99499611839502,0.054669741271407
2024-12-05 09:30:00,North,Site-5,19.04588206359763,99.97863450144156,13.916816251738378
2024-12-05 09:45:00,West,Site-6,109.71570950954356,99.90894110023123,0.03909059959055147
2024-12-05 10:00:00,North,Site-7,106.45375949585147,99.9417580775785,0.05944763351861731
2024-12-05 10:15:00,East,Site-1,113.68631557532349,99.98791183075622,0.04967668588591694
2024-12-05 10:30:00,South,Site-7,90.35076539419896,99.99447320222914,0.09877855202148873
2024-12-05 10:45:00,East,Site-20,48.694247111531006,99.94674015112498,17.814567312272267
2024-12-05 11:00:00,South,Site-12,110.58424486849587,99.96134113892107,0.06951445540475938
2024-12-05 11:15:00,North,Site-16,82.41260513576886,99.91670339460921,0.040431876810429215
2024-12-05 11:30:00,East,Site-16,88.16741487334225,99.9991168626137,0.04281996149256148
2024-12-05 11:45:00,East,Site-11,31.701832135816915,99.92316717013834,25.149637695788346
2024-12-05 12:00:00,North,Site-4,97.30593165555442,99.99427317741352,0.06924361513243697
2024-12-05 12:15:00,East,Site-13,107.17542255795962,99.96496466489924,0.09912559937021884
2024-12-05 12:30:00,West,Site-7,115.02357052096028,99.96077367948789,0.012839428945412524
2024-12-05 12:45:00,South,Site-4,100.74094780419775,99.95126885110166,0.010410964938416634
2024-12-05 13:00:00,South,Site-15,116.28615545571292,99.92306698117179,0.07243388171287411
2024-12-05 13:15:00,South,Site-19,86.19898541785109,99.91765280320055,0.05783869170064091
2024-12-05 13:30:00,West,Site-9,82.96617560644845,99.92204862090702,0.02741606665598059
2024-12-05 13:45:00,South,Site-11,99.44452301103381,99.91864382621443,0.00794193689889866
2024-12-05 14:00:00,North,Site-8,103.84065448939307,99.97795844735667,0.008565824959643054
2024-12-05 14:15:00,East,Site-1,99.67305251905907,99.93501252591668,0.08941908746641183
2024-12-05 14:30:00,West,Site-8,17.320617769389088,99.90578426765634,25.966883764486568
2024-12-05 14:45:00,South,Site-13,99.10879960487212,99.99691026301409,0.03233715621155208
2024-12-05 15:00:00,North,Site-4,86.95530499495146,99.98837858849635,0.022665640222698805
2024-12-05 15:15:00,East,Site-8,106.69672548830039,99.99277522831952,0.035499630583193734
2024-12-05 15:30:00,East,Site-3,103.66598246096848,99.99949078226464,0.006942384274609337
2024-12-05 15:45:00,West,Site-9,90.60120213672644,99.91738952492196,0.05190597909082704
2024-12-05 16:00:00,West,Site-2,94.86133082663306,99.93962420189027,0.0067612563592214904
2024-12-05 16:15:00,West,Site-2,89.40786478111049,99.97582384757041,0.08003565078223616
2024-12-05 16:30:00,North,Site-13,99.37320902726829,99.96960206180538,0.023371208191043304
2024-12-05 16:45:00,North,Site-15,109.55142320501238,99.91538959063399,0.05400119146045106
2024-12-05 17:00:00,West,Site-12,90.14273953664457,99.98158331249907,0.08800790875614584
2024-12-05 17:15:00,South,Site-4,105.04046515517844,99.92244405718367,0.06508773690471942
2024-12-05 17:30:00,East,Site-8,94.69742381627559,99.92238176148227,0.05329577865513353
2024-12-05 17:45:00,East,Site-9,92.07127167737656,99.95369744228934,0.03243337531153756
2024-12-05 18:00:00,North,Site-5,41.508520621108346,99.95929399348417,13.232396225717428
2024-12-05 18:15:00,East,Site-20,89.64757677580626,99.95800862078379,0.06694869551981901
2024-12-05 18:30:00,South,Site-18,15.119528341343456,99.90914868373979,25.08215360632328
2024-12-05 18:45:00,East,Site-11,88.02122107411151,99.98774608626304,0.06618391898493786
2024-12-05 19:00:00,North,Site-15,119.6472513291639,99.92656000425887,0.055778341737002496
2024-12-05 19:15:00,North,Site-9,100.35263551971728,99.91295149212829,0.07306505102392462
2024-12-05 19:30:00,South,Site-17,93.00274492007415,99.9888748079869,0.046520561228371816
2024-12-05 19:45:00,South,Site-12,102.13979910734221,99.99556514982298,0.0060142342600785215
2024-12-05 20:00:00,East,Site-7,98.8767195030917,99.98621276172655,0.056229681587790986
2024-12-05 20:15:00,East,Site-10,97.79030400466777,99.98095160747249,0.09576252845053802
2024-12-05 20:30:00,North,Site-10,106.14166700043425,99.9655241980639,0.017530294235765964
2024-12-05 20:45:00,South,Site-13,107.57507710047305,99.95508573706091,0.06900048908206657
2024-12-05 21:00:00,South,Site-19,94.69498852389472,99.90869867599115,0.02009336886590565
2024-12-05 21:15:00,South,Site-11,94.2418175935532,99.94084532130708,0.05358276844730813
2024-12-05 21:30:00,East,Site-13,28.406490579537586,99.93726885170123,27.94372681929238
2024-12-05 21:45:00,South,Site-8,76.98078835264415,99.92597537837604,0.045037093625818515
2024-12-05 22:00:00,North,Site-8,84.84808937801448,99.97234201136887,0.07561633288952462
2024-12-05 22:15:00,North,Site-4,113.66874267444524,99.94958757350788,0.03475715242389821
2024-12-05 22:30:00,East,Site-15,116.44967713501283,99.90810462159077,0.06649117244872181
2024-12-05 22:45:00,West,Site-11,97.50963960443622,99.92201832019498,0.07954499607897292
2024-12-05 23:00:00,East,Site-11,105.76556963055766,99.96832587636597,0.09271778194794528
2024-12-05 23:15:00,West,Site-1,103.11250154543536,99.90761308594904,0.023464208185545357
2024-12-05 23:30:00,South,Site-17,130.7888080845524,99.98512069140487,0.03993159158093082
2024-12-05 23:45:00,East,Site-15,111.19574911434577,99.9495146527014,0.015241601333041744
2024-12-06 00:00:00,North,Site-20,98.72082408519233,99.94805865773267,0.09924835021583753
2024-12-06 00:15:00,South,Site-6,90.44459559399574,99.95924077846595,0.09270009679242953
2024-12-06 00:30:00,North,Site-15,83.93553679742428,99.98246809659251,0.05399571302805596
2024-12-06 00:45:00,South,Site-9,102.03463635867223,99.93478092079022,0.08420332943764214
2024-12-06 01:00:00,East,Site-14,92.43649254715697,99.96780161525591,0.05209579772720422
2024-12-06 01:15:00,West,Site-18,85.77746290402325,99.95657319639957,0.062358568800275974
2024-12-06 01:30:00,South,Site-17,93.53427115757474,99.92670282701695,0.008912443211601662
2024-12-06 01:45:00,West,Site-18,89.18451996385605,99.98786299863552,0.0755270420496808
2024-12-06 02:00:00,South,Site-5,116.87141635072564,99.9797426021607,0.012771348363523484
2024-12-06 02:15:00,North,Site-20,108.81639756949451,99.96584518346585,0.08260676302525284
2024-12-06 02:30:00,North,Site-20,99.92027358683383,99.98505817290942,0.0782028087670386
2024-12-06 02:45:00,South,Site-9,114.79944138890026,99.98672942009598,0.07087446977429765
2024-12-06 03:00:00,West,Site-11,100.77368307647619,99.97083629767151,0.0036160380524762115
2024-12-06 03:15:00,East,Site-1,91.38715798671737,99.98370133283636,0.030312835594532864
2024-12-06 03:30:00,East,Site-18,13.456984430501858,99.96974714616692,16.795549431237703
2024-12-06 03:45:00,North,Site-6,105.38910043684659,99.96801407717604,0.03601364074715191
2024-12-06 04:00:00,East,Site-2,89.62753845673544,99.96186113782151,0.008764274676383854
2024-12-06 04:15:00,North,Site-15,98.09661321916391,99.97527166395577,0.09369578230310628
2024-12-06 04:30:00,East,Site-14,91.24381746615242,99.91586051052931,0.05538022407123763
2024-12-06 04:45:00,South,Site-5,86.17200269035663,99.98808707591989,0.030552431065802355
